Z,elem,A,N,Rav,delta_Rav,x,ee,eo,oe,oo,t,h,P,K,S,d,diff
36,Kr,81,45,4.1952,0.0026,81,0.0,1.0,0.0,0.0,18.720754407467133,0.8,3.076922840236705,4.3267487109222245,0.1111111111111111,0.0,0.001305983965926849
55,Cs,137,82,4.8128,0.005,729,0.0,0.0,1.0,0.0,26.575434761451795,0.6707317073170732,0.0,5.155136735475772,0.19708029197080293,0.0,0.008476466739655741
12,Mg,29,17,3.0756,0.004,25,0.0,1.0,0.0,0.0,9.43913067739236,0.7058823529411765,1.71428546938779,3.072316825685847,0.1724137931034483,0.0,-0.013269433182068635
19,K,46,27,3.4417,0.0023,64,0.0,0.0,0.0,1.0,12.838232045991905,0.7037037037037037,0.499999750000125,3.583047871015946,0.17391304347826086,-1.0,-0.021449690244742303
80,Hg,191,111,5.4171,0.0037,961,0.0,1.0,0.0,0.0,33.16568041084109,0.7207207207207207,1.7647057785467188,5.758965220492401,0.16230366492146597,0.0,-0.003121103484397203
87,Fr,227,140,5.7542,0.0172,2809,0.0,0.0,1.0,0.0,37.21207647376352,0.6214285714285714,3.6842103324099824,6.100170200393062,0.23348017621145375,0.0,0.03837320679163625
50,Sn,124,74,4.6735,0.0023,576,1.0,0.0,0.0,0.0,24.8664882538245,0.6756756756756757,0.0,4.986630952238645,0.1935483870967742,1.0,0.018224638455976105
25,Mn,56,31,3.7146,0.0052,36,0.0,0.0,0.0,1.0,14.637222840091884,0.8064516129032258,1.4999997500000417,3.825862365544778,0.10714285714285714,-1.0,-0.018548888917468975
48,Cd,112,64,4.5944,0.0024,256,1.0,0.0,0.0,0.0,23.235142934254814,0.75,1.7499998906250067,4.820284528350459,0.14285714285714285,1.0,0.011965332424500374
46,Pd,108,62,4.5563,0.0027,256,1.0,0.0,0.0,0.0,22.678578898107713,0.7419354838709677,2.9999998125000116,4.762203155904598,0.14814814814814814,1.0,0.00546341232476788
19,K,42,23,3.4469,0.0129,16,0.0,0.0,0.0,1.0,12.082761235960547,0.8260869565217391,0.7499998125000469,3.4760266448864496,0.09523809523809523,-1.0,0.011128930481836274
68,Er,167,99,5.256,0.0031,961,0.0,1.0,0.0,0.0,30.32571022328558,0.6868686868686869,7.677419107180029,5.506878446387352,0.18562874251497005,0.0,-0.035226053246415034
86,Rn,204,118,5.5568,0.018,1024,1.0,0.0,0.0,0.0,34.65400589606056,0.7288135593220338,2.666666444444463,5.886765316883336,0.1568627450980392,1.0,-0.0035270883052769264
78,Pt,194,116,5.4236,0.0025,1444,1.0,0.0,0.0,0.0,33.51206218930888,0.6724137931034483,2.8571426530612394,5.788960372062403,0.1958762886597938,1.0,-0.01870909026879808
64,Gd,145,81,4.9786,0.0077,289,0.0,1.0,0.0,0.0,27.600185534004485,0.7901234567901234,0.9333332711111153,5.253587872492901,0.11724137931034483,0.0,-0.0011038705056805043
39,Y,94,55,4.3142,0.0074,256,0.0,0.0,0.0,1.0,20.673717099616514,0.7090909090909091,3.4374997851562634,4.546835943776344,0.1702127659574468,-1.0,-0.036903482195723925
77,Ir,184,107,5.3805,0.1061,900,0.0,0.0,0.0,1.0,32.35031759636025,0.719626168224299,3.9583331684027843,5.68773395970313,0.16304347826086957,-1.0,-0.017713052179866295
87,Fr,202,115,5.5505,0.0178,784,0.0,0.0,0.0,1.0,34.42713741084797,0.7565217391304347,3.4374997851562634,5.867464308442615,0.13861386138613863,-1.0,-0.02231783689707001
37,Rb,87,50,4.1989,0.0021,169,0.0,0.0,1.0,0.0,19.63418302571681,0.74,0.0,4.431047621693634,0.14942528735632185,0.0,0.002776755248850904
71,Lu,177,106,5.3815,0.0305,1225,0.0,0.0,1.0,0.0,31.524546249173255,0.6698113207547169,7.096773964620194,5.61467240800149,0.1977401129943503,0.0,0.012332205597381574
48,Cd,117,69,4.6136,0.0025,441,0.0,1.0,0.0,0.0,23.92161929806432,0.6956521739130435,1.7333332177777856,4.890973246508748,0.1794871794871795,0.0,-0.0027137332015687576
42,Mo,103,61,4.5145,0.0046,361,0.0,1.0,0.0,0.0,21.973107636570674,0.6885245901639344,4.631578703601121,4.687548147653597,0.18446601941747573,0.0,0.02455456171261261
16,S,32,16,3.2611,0.0018,0,1.0,0.0,0.0,0.0,10.079368399158984,1.0,1.9999997500000315,3.1748021039363987,0.0,1.0,-0.021686290194972813
79,Au,198,119,5.44,0.0038,1600,0.0,0.0,0.0,1.0,33.97114044720589,0.6638655462184874,2.0999997900000213,5.828476683251456,0.20202020202020202,-1.0,-0.017820231710003576
50,Sn,129,79,4.6934,0.0058,841,0.0,1.0,0.0,0.0,25.530528603808893,0.6329113924050633,0.0,5.05277434720856,0.2248062015503876,0.0,0.004412866326730658
81,Tl,195,114,5.4325,0.0039,1089,0.0,0.0,1.0,0.0,33.62712520483358,0.7105263157894737,0.9230768520710114,5.798889997648997,0.16923076923076924,0.0,-0.001589835225779268
50,Sn,127,77,4.6867,0.0048,729,0.0,1.0,0.0,0.0,25.26596056564665,0.6493506493506493,0.0,5.026525695313479,0.2125984251968504,0.0,0.011284536811674961
84,Po,195,111,5.5127,0.0189,729,0.0,1.0,0.0,0.0,33.62712520483358,0.7567567567567568,1.7647057785467188,5.798889997648997,0.13846153846153847,0.0,0.0356218777395334
38,Sr,100,62,4.464,0.024,576,1.0,0.0,0.0,0.0,21.544346900318832,0.6129032258064516,5.454545206611582,4.641588833612778,0.24,1.0,0.03590921707318451
82,Pb,197,115,5.4446,0.0024,1089,0.0,1.0,0.0,0.0,33.856663005926926,0.7130434782608696,0.0,5.818647867496961,0.16751269035532995,0.0,0.009473212363621641
80,Hg,185,105,5.4397,0.0031,625,0.0,1.0,0.0,0.0,32.46742297798574,0.7619047619047619,1.8260868771266574,5.698019215305065,0.13513513513513514,0.0,0.05133457461707991
52,Te,130,78,4.7423,0.0025,676,1.0,0.0,0.0,0.0,25.66229943873142,0.6666666666666666,1.3333331111111482,5.065797019100886,0.2,1.0,-0.006667767373596867
69,Tm,163,94,5.1849,0.0042,625,0.0,0.0,1.0,0.0,29.839513369337435,0.7340425531914894,6.23999975040001,5.462555571281397,0.15337423312883436,0.0,-0.060145838120761574
44,Ru,104,60,4.5098,0.002,256,1.0,0.0,0.0,0.0,22.115099254715485,0.7333333333333333,3.7499997656250144,4.7026693754415145,0.15384615384615385,1.0,0.001668315931823372
87,Fr,221,134,5.692,0.0173,2209,0.0,0.0,1.0,0.0,36.553433966164725,0.6492537313432836,3.076922840236705,6.045943596012513,0.21266968325791855,0.0,0.02240679811027846
80,Hg,200,120,5.4551,0.0031,1600,1.0,0.0,0.0,0.0,34.19951893353393,0.6666666666666666,1.4999998125000236,5.848035476425731,0.2,1.0,-0.009862098881072257
50,Sn,130,80,4.7019,0.0066,900,1.0,0.0,0.0,0.0,25.66229943873142,0.625,0.0,5.065797019100886,0.23076923076923078,1.0,0.006087580273501203
50,Sn,113,63,4.6015,0.0021,169,0.0,1.0,0.0,0.0,23.373242358808824,0.7936507936507936,0.0,4.834588127111639,0.11504424778761062,0.0,0.01718805549373581
62,Sm,142,80,4.9518,0.0034,324,1.0,0.0,0.0,0.0,27.218168369146653,0.775,1.7142855918367434,5.217103446276167,0.1267605633802817,1.0,-0.0017406737842780018
23,V,51,28,3.6002,0.0022,25,0.0,0.0,1.0,0.0,13.752451353579682,0.8214285714285714,0.0,3.708429769266189,0.09803921568627451,0.0,-0.012218324687396809
37,Rb,93,56,4.3048,0.0187,361,0.0,0.0,1.0,0.0,20.526833787405323,0.6607142857142857,3.599999760000016,4.530654896083492,0.20430107526881722,0.0,-0.01054190930387211
79,Au,195,116,5.4298,0.004,1369,0.0,0.0,1.0,0.0,33.62712520483358,0.6810344827586207,2.3076921301775286,5.798889997648997,0.18974358974358974,0.0,-0.01527763404360627
41,Nb,92,51,4.3026,0.0043,100,0.0,0.0,0.0,1.0,20.379423055219398,0.803921568627451,0.8999999100000091,4.514357435474001,0.10869565217391304,-1.0,-0.017719105754791187
38,Sr,91,53,4.274,0.0046,225,0.0,1.0,0.0,0.0,20.231477245126285,0.7169811320754716,2.3076921301775286,4.497941445275415,0.16483516483516483,0.0,-0.015116829626337314
86,Rn,220,134,5.6731,0.0194,2304,1.0,0.0,0.0,0.0,36.44308387191581,0.6417910447761194,2.666666444444463,6.036810736797685,0.21818181818181817,1.0,0.025066170571180102
49,In,105,56,4.5311,0.0103,49,0.0,0.0,1.0,0.0,22.25663649191485,0.875,0.857142734693895,4.7176939803165325,0.06666666666666667,0.0,-0.0048686937135631325
38,Sr,82,44,4.2478,0.003,36,1.0,0.0,0.0,0.0,18.874519380186243,0.8636363636363636,3.7499997656250144,4.344481485768611,0.07317073170731707,1.0,-0.0030669801939327
84,Po,200,116,5.5199,0.019,1024,1.0,0.0,0.0,0.0,34.19951893353393,0.7241379310344828,1.6666665277777895,5.848035476425731,0.16,1.0,0.017814638635336166
80,Hg,182,102,5.3833,0.0052,484,1.0,0.0,0.0,0.0,32.11546826178415,0.7843137254901961,1.8181817355371936,5.667051108097064,0.12087912087912088,1.0,0.011462105998144345
12,Mg,22,10,3.0688,0.0052,4,1.0,0.0,0.0,0.0,7.851424410539689,1.2,1.3333331111111482,2.802039330655387,-0.09090909090909091,1.0,0.020054804353206723
48,Cd,114,66,4.6087,0.0023,324,1.0,0.0,0.0,0.0,23.510935004498354,0.7272727272727273,1.7777776790123512,4.848807585839879,0.15789473684210525,1.0,0.012152653233285626
48,Cd,109,61,4.5601,0.0035,169,0.0,1.0,0.0,0.0,22.818354974292443,0.7868852459016393,1.6923075621301875,4.776856181035017,0.11926605504587157,0.0,-0.0012563024872740414
81,Tl,203,122,5.4666,0.0027,1681,0.0,0.0,1.0,0.0,34.540664785434856,0.6639344262295082,0.799999840000032,5.8771306592107395,0.2019704433497537,0.0,-0.00884201952885455
82,Pb,196,114,5.4444,0.0024,1024,1.0,0.0,0.0,0.0,33.74199169845321,0.7192982456140351,0.0,5.808785733563703,0.16326530612244897,1.0,0.01461078947262795
41,Nb,91,50,4.2878,0.004,81,0.0,0.0,1.0,0.0,20.231477245126285,0.82,0.0,4.497941445275415,0.0989010989010989,0.0,-0.008964113372806004
48,Cd,120,72,4.63,0.0069,576,1.0,0.0,0.0,0.0,24.328807982293597,0.6666666666666666,1.6666665277777895,4.93242414866094,0.2,1.0,-0.005920167981799729
21,Sc,44,23,3.5432,0.0016,4,0.0,0.0,0.0,1.0,12.463359368739502,0.9130434782608695,0.7499998125000469,3.530348335326063,0.045454545454545456,-1.0,0.02619093641123893
19,K,49,30,3.4913,0.0046,121,0.0,0.0,1.0,0.0,13.390518279406722,0.6333333333333333,0.6666664444445185,3.6593057100229713,0.22448979591836735,0.0,-0.0036096937144245445
80,Hg,206,126,5.4837,0.004,2116,1.0,0.0,0.0,0.0,34.880134177302764,0.6349206349206349,0.0,5.9059405836244885,0.22330097087378642,1.0,0.01698807735164376
69,Tm,154,85,5.0755,0.0166,256,0.0,0.0,0.0,1.0,28.730762177301624,0.8117647058823529,2.4374998476562593,5.3601084109653625,0.1038961038961039,-1.0,-0.04119293979706651
38,Sr,88,50,4.224,0.0018,144,1.0,0.0,0.0,0.0,19.7843497729948,0.76,0.0,4.4479601811386305,0.13636363636363635,1.0,0.002354380009606416
64,Gd,156,92,5.142,0.0042,784,1.0,0.0,0.0,0.0,28.978978026935593,0.6956521739130435,5.833333090277788,5.383212612087283,0.1794871794871795,1.0,-0.0031642867061139057
65,Tb,149,84,4.9427,0.1506,361,0.0,0.0,1.0,0.0,28.105469568479982,0.7738095238095238,1.7647057785467188,5.301459192380904,0.12751677852348994,0.0,-0.08798127606947848
74,W,183,109,5.3611,0.002,1225,0.0,1.0,0.0,0.0,32.232999873805014,0.6788990825688074,5.439999782400008,5.677411370845432,0.1912568306010929,0.0,-0.03595406173806026
68,Er,164,96,5.2389,0.0035,784,1.0,0.0,0.0,0.0,29.96143191950181,0.7083333333333334,6.999999750000009,5.473703674798427,0.17073170731707318,1.0,-0.01884641019962796
58,Ce,148,90,4.9893,0.0035,1024,1.0,0.0,0.0,0.0,27.97957694388431,0.6444444444444445,3.9999997500000153,5.289572472694207,0.21621621621621623,1.0,-0.005316650920439869
96,Cm,246,150,5.8562,0.0184,2916,1.0,0.0,0.0,0.0,39.260582430605055,0.64,8.84210503047092,6.265826556058271,0.21951219512195122,1.0,-0.1330245795653031
80,Hg,196,116,5.4385,0.0031,1296,1.0,0.0,0.0,0.0,33.74199169845321,0.6896551724137931,1.6666665277777895,5.808785733563703,0.1836734693877551,1.0,-0.007545049271146631
38,Sr,81,43,4.2547,0.0034,25,0.0,1.0,0.0,0.0,18.720754407467133,0.8837209302325582,4.11764681660901,4.3267487109222245,0.06172839506172839,0.0,0.004126500568096603
42,Mo,91,49,4.3182,0.0012,49,0.0,1.0,0.0,0.0,20.231477245126285,0.8571428571428571,0.8888887901234679,4.497941445275415,0.07692307692307693,0.0,-0.013264897301999312
48,Cd,108,60,4.5577,0.0031,144,1.0,0.0,0.0,0.0,22.678578898107713,0.8,1.6666665277777895,4.762203155904598,0.1111111111111111,1.0,0.003372446181660216
69,Tm,153,84,5.0643,0.019,225,0.0,0.0,1.0,0.0,28.606251587889357,0.8214285714285714,1.7333332177777856,5.348481241239363,0.09803921568627451,0.0,-0.03339588416256234
19,K,51,32,3.5196,0.0087,169,0.0,0.0,1.0,0.0,13.752451353579682,0.59375,0.799999840000032,3.708429769266189,0.2549019607843137,0.0,0.0013573043530548112
31,Ga,79,48,4.0478,0.0079,289,0.0,0.0,1.0,0.0,18.41131157020244,0.6458333333333334,1.199999760000048,4.290840427026207,0.21518987341772153,0.0,0.000810484167935499
18,Ar,32,14,3.3468,0.0062,16,1.0,0.0,0.0,0.0,10.079368399158984,1.2857142857142858,1.4999998125000236,3.1748021039363987,-0.125,1.0,-0.0194259665157559
67,Ho,155,88,5.1076,0.0326,441,0.0,0.0,1.0,0.0,28.855003552528782,0.7613636363636364,4.285714081632663,5.371685354944832,0.13548387096774195,0.0,-0.02967142464440986
40,Zr,94,54,4.332,0.0013,196,1.0,0.0,0.0,0.0,20.673717099616514,0.7407407407407407,2.8571426530612394,4.546835943776344,0.14893617021276595,1.0,-0.023448723604740707
47,Ag,107,60,4.5454,0.0031,169,0.0,0.0,1.0,0.0,22.538370740628164,0.7833333333333333,2.3076921301775286,4.7474593985234,0.12149532710280374,0.0,0.000374628873071714
36,Kr,74,38,4.187,0.0041,4,1.0,0.0,0.0,0.0,17.626028979376553,0.9473684210526315,4.444444197530878,4.198336453808407,0.02702702702702703,1.0,0.01763769826032302
30,Zn,64,34,3.9283,0.0015,16,1.0,0.0,0.0,0.0,15.999999999999998,0.8823529411764706,1.4999998125000236,3.9999999999999996,0.0625,1.0,0.011819178974221689
36,Kr,84,48,4.1884,0.0022,144,1.0,0.0,0.0,0.0,19.180187896644355,0.75,1.5999998400000162,4.379519139887889,0.14285714285714285,1.0,0.0009257188533577931
47,Ag,101,54,4.4799,0.0111,49,0.0,0.0,1.0,0.0,21.68773755577532,0.8703703703703703,1.71428546938779,4.657009507803835,0.06930693069306931,0.0,-0.01504643633015501
60,Nd,136,76,4.9111,0.0026,256,1.0,0.0,0.0,0.0,26.445956073831777,0.7894736842105263,3.7499997656250144,5.14256318131647,0.11764705882352941,1.0,-0.021284223932971358
68,Er,162,94,5.2246,0.004,676,1.0,0.0,0.0,0.0,29.717345240051635,0.723404255319149,6.461538213017761,5.451361778496419,0.16049382716049382,1.0,-0.009376502148468191
49,In,108,59,4.5571,0.0071,100,0.0,0.0,0.0,1.0,22.678578898107713,0.8305084745762712,0.8999999100000091,4.762203155904598,0.09259259259259259,-1.0,0.00200623307666703
49,In,113,64,4.601,0.0031,225,0.0,0.0,1.0,0.0,23.373242358808824,0.765625,0.9333332711111153,4.834588127111639,0.13274336283185842,0.0,0.013468006223207318
82,Pb,198,116,5.4524,0.0022,1156,1.0,0.0,0.0,0.0,33.97114044720589,0.7068965517241379,0.0,5.828476683251456,0.1717171717171717,1.0,0.011925652957523347
87,Fr,220,133,5.6803,0.0174,2116,0.0,0.0,0.0,1.0,36.44308387191581,0.6541353383458647,2.9166664236111317,6.036810736797685,0.20909090909090908,-1.0,0.019587490806912022
87,Fr,207,120,5.5689,0.0177,1089,0.0,0.0,1.0,0.0,34.992923739494074,0.725,2.7272724793388656,5.915481699700716,0.15942028985507245,0.0,-0.016961756682876583
47,Ag,103,56,4.5036,0.0065,81,0.0,0.0,1.0,0.0,21.973107636570674,0.8392857142857143,1.9999997777778027,4.687548147653597,0.08737864077669903,0.0,-0.009276271328226393
78,Pt,196,118,5.4307,0.0027,1600,1.0,0.0,0.0,0.0,33.74199169845321,0.6610169491525424,2.666666444444463,5.808785733563703,0.20408163265306123,1.0,-0.019188392713586744
19,K,39,20,3.4361,0.0223,1,0.0,0.0,1.0,0.0,11.500315051230226,0.95,0.0,3.3912114430141664,0.02564102564102564,0.0,0.03210580449729772
56,Ba,133,77,4.8286,0.0047,441,0.0,1.0,0.0,0.0,26.055600933891245,0.7272727272727273,2.7272724793388656,5.104468722001463,0.15789473684210525,0.0,-0.017358010539648028
36,Kr,90,54,4.2423,0.0069,324,1.0,0.0,0.0,0.0,20.08298850246508,0.6666666666666666,2.666666444444463,4.481404746557164,0.2,1.0,-0.013301189345005682
60,Nd,150,90,5.04,0.0044,900,1.0,0.0,0.0,0.0,28.23108086643085,0.6666666666666666,4.444444197530878,5.313292845913055,0.2,1.0,0.0023147715229434596
75,Re,187,112,5.3698,0.0173,1369,0.0,0.0,1.0,0.0,32.70100281537152,0.6696428571428571,4.666666444444455,5.718479064871316,0.19786096256684493,0.0,-0.043848376769349606
78,Pt,186,108,5.4037,0.0036,900,1.0,0.0,0.0,0.0,32.584317547703584,0.7222222222222222,3.272727123966949,5.708267473384861,0.16129032258064516,1.0,-0.0010193777824580863
78,Pt,183,105,5.4038,0.0036,729,0.0,1.0,0.0,0.0,32.232999873805014,0.7428571428571429,3.359999865600005,5.677411370845432,0.14754098360655737,0.0,0.014523669497445546
19,K,45,26,3.4531,0.0048,49,0.0,0.0,1.0,0.0,12.651489979526238,0.7307692307692307,0.6666664444445185,3.5568933044900626,0.15555555555555556,0.0,-0.004682484097437101
69,Tm,172,103,5.2411,0.0052,1156,0.0,0.0,0.0,1.0,30.92803284791408,0.6699029126213593,8.02941152854672,5.561297766521235,0.19767441860465115,-1.0,-0.09869346186530059
54,Xe,140,86,4.8566,0.0125,1024,1.0,0.0,0.0,0.0,26.9619949977585,0.627906976744186,1.9999997500000315,5.1924941018511035,0.22857142857142856,1.0,0.001919778581169318
83,Bi,206,123,5.5034,0.0909,1600,0.0,0.0,0.0,1.0,34.880134177302764,0.6747967479674797,0.7499998125000469,5.9059405836244885,0.1941747572815534,-1.0,-0.004162502208354901
80,Hg,181,101,5.4364,0.0032,441,0.0,1.0,0.0,0.0,31.997721191890314,0.7920792079207921,1.809523723356013,5.65665282582291,0.11602209944751381,0.0,0.07015761997724645
39,Y,98,59,4.3711,0.0129,400,0.0,0.0,0.0,1.0,21.256122803129635,0.6610169491525424,4.949999752500013,4.610436292058446,0.20408163265306123,-1.0,-0.043118398785176204
55,Cs,132,77,4.8002,0.0046,484,0.0,0.0,0.0,1.0,25.92483220379743,0.7142857142857143,2.499999750000025,5.091643369659488,0.16666666666666666,-1.0,-0.02263195920744998
26,Fe,57,31,3.7532,0.0017,25,0.0,1.0,0.0,0.0,14.810960957438846,0.8387096774193549,1.199999760000048,3.8485011312768047,0.08771929824561403,0.0,-0.008134680182391829
84,Po,197,113,5.5112,0.0189,841,0.0,1.0,0.0,0.0,33.856663005926926,0.7433628318584071,1.7333332177777856,5.818647867496961,0.14720812182741116,0.0,0.023984159268883865
84,Po,193,109,5.5185,0.0189,625,0.0,1.0,0.0,0.0,33.39680130004011,0.7706422018348624,1.7894735900277057,5.778996565152129,0.12953367875647667,0.0,0.05165503215120282
86,Rn,207,121,5.5652,0.0178,1225,0.0,1.0,0.0,0.0,34.992923739494074,0.7107438016528925,2.2222219753086696,5.915481699700716,0.16908212560386474,0.0,-0.002479519359106064
44,Ru,96,52,4.3908,0.0047,64,1.0,0.0,0.0,0.0,20.965931153671168,0.8461538461538461,1.4999998125000236,4.5788569702133275,0.08333333333333333,1.0,-0.018838592971333945
56,Ba,127,71,4.8204,0.0051,225,0.0,1.0,0.0,0.0,25.26596056564665,0.7887323943661971,3.8823527128027813,5.026525695313479,0.11811023622047244,0.0,-0.008960213506048476
72,Hf,178,106,5.3371,0.0031,1156,1.0,0.0,0.0,0.0,31.6431712450704,0.6792452830188679,6.666666444444451,5.6252263283418555,0.19101123595505617,1.0,-0.0376640707160103
64,Gd,155,91,5.1319,0.0041,729,0.0,1.0,0.0,0.0,28.855003552528782,0.7032967032967034,5.478260631379972,5.371685354944832,0.17419354838709677,0.0,0.0005295005219121407
96,Cm,242,146,5.8285,0.0192,2500,1.0,0.0,0.0,0.0,38.833831688586685,0.6575342465753424,8.235293875432534,6.231679684369752,0.2066115702479339,1.0,-0.12542637066597262
20,Ca,42,22,3.5081,0.0021,4,1.0,0.0,0.0,0.0,12.082761235960547,0.9090909090909091,0.0,3.4760266448864496,0.047619047619047616,1.0,0.05104072152615524
63,Eu,151,88,5.0522,0.0046,625,0.0,0.0,1.0,0.0,28.356413335678806,0.7159090909090909,4.105262941828266,5.325074021614986,0.16556291390728478,0.0,-0.015571449787151082
67,Ho,157,90,5.1535,0.0316,529,0.0,0.0,1.0,0.0,29.102687879321483,0.7444444444444445,5.217391077504735,5.394690712109591,0.1464968152866242,0.0,-0.014521467758196849
83,Bi,208,125,5.5147,0.0907,1764,0.0,0.0,0.0,1.0,35.105531821316504,0.664,0.499999750000125,5.9249921368147405,0.20192307692307693,-1.0,0.0014739557095460043
60,Nd,135,75,4.9086,0.0026,225,0.0,1.0,0.0,0.0,26.31615964391579,0.8,4.11764681660901,5.12992784003009,0.1111111111111111,0.0,-0.024482410785288344
50,Sn,117,67,4.6302,0.0019,289,0.0,1.0,0.0,0.0,23.92161929806432,0.746268656716418,0.0,4.890973246508748,0.1452991452991453,0.0,0.02069047440462679
92,U,236,144,5.8431,0.0038,2704,1.0,0.0,0.0,0.0,38.189268112707936,0.6388888888888888,6.4285711989796,6.179746605865644,0.22033898305084745,1.0,-0.0148186344568213
50,Sn,119,69,4.6438,0.002,361,0.0,1.0,0.0,0.0,24.193459516997326,0.7246376811594203,0.0,4.9186847344587274,0.15966386554621848,0.0,0.021412234845056055
63,Eu,152,89,5.1064,0.0066,676,0.0,0.0,0.0,1.0,28.48146943560797,0.7078651685393258,4.549999772500011,5.336803297443889,0.17105263157894737,-1.0,0.023211294121871617
52,Te,128,76,4.7346,0.0029,576,1.0,0.0,0.0,0.0,25.398416831491186,0.6842105263157895,1.4999998125000236,5.039684199579492,0.1875,1.0,-0.00432142936917046
67,Ho,153,86,5.076,0.0339,361,0.0,0.0,1.0,0.0,28.606251587889357,0.7790697674418605,3.1578945706371275,5.348481241239363,0.12418300653594772,0.0,-0.027219097641629553
81,Tl,183,102,5.3786,0.0105,441,0.0,0.0,1.0,0.0,32.232999873805014,0.7941176470588235,0.9523809070294805,5.677411370845432,0.11475409836065574,0.0,0.008590329785214124
70,Yb,160,90,5.1781,0.0076,400,1.0,0.0,0.0,0.0,29.472251989123087,0.7777777777777778,4.799999760000012,5.428835233189813,0.125,1.0,-0.02954746870450453
47,Ag,97,50,4.4202,0.0226,9,0.0,0.0,1.0,0.0,21.111276288848163,0.94,0.0,4.594700892207039,0.030927835051546393,0.0,-0.020331111826196846
48,Cd,104,56,4.5122,0.0083,64,1.0,0.0,0.0,0.0,22.115099254715485,0.8571428571428571,1.4999998125000236,4.7026693754415145,0.07692307692307693,1.0,-0.0135244631353304
80,Hg,203,123,5.4679,0.0035,1849,0.0,1.0,0.0,0.0,34.540664785434856,0.6504065040650406,1.199999760000048,5.8771306592107395,0.21182266009852216,0.0,-0.007568146457085589
48,Cd,110,62,4.5765,0.0026,196,1.0,0.0,0.0,0.0,22.957704246655545,0.7741935483870968,1.7142855918367434,4.791419857062784,0.12727272727272726,1.0,0.008122395703346719
62,Sm,154,92,5.1053,0.0067,900,1.0,0.0,0.0,0.0,28.730762177301624,0.6739130434782609,5.454545206611582,5.3601084109653625,0.19480519480519481,1.0,0.00023300058107267319
31,Ga,77,46,4.05,0.0068,225,0.0,0.0,1.0,0.0,18.099246023352887,0.6739130434782609,1.71428546938779,4.254320865115005,0.19480519480519481,0.0,0.008971228538696252
31,Ga,76,45,4.046,0.006,196,0.0,0.0,0.0,1.0,17.942201436929967,0.6888888888888889,1.8749997656250295,4.235823584254893,0.18421052631578946,-1.0,0.009941123602104973
49,In,126,77,4.6702,0.0068,784,0.0,0.0,0.0,1.0,25.133156184720164,0.6363636363636364,0.8333331944444675,5.0132979349645845,0.2222222222222222,-1.0,-0.003144918061672719
72,Hf,175,103,5.3191,0.0036,961,0.0,1.0,0.0,0.0,31.286623728379862,0.6990291262135923,6.774193329864731,5.593444710406984,0.17714285714285713,0.0,-0.03886846014320433
20,Ca,44,24,3.5179,0.0021,16,1.0,0.0,0.0,0.0,12.463359368739502,0.8333333333333334,0.0,3.530348335326063,0.09090909090909091,1.0,0.04841241735600876
50,Sn,108,58,4.5605,0.0029,64,1.0,0.0,0.0,0.0,22.678578898107713,0.8620689655172413,0.0,4.762203155904598,0.07407407407407407,1.0,0.0064517064225899645
38,Sr,86,48,4.2307,0.002,100,1.0,0.0,0.0,0.0,19.483439808463515,0.7916666666666666,1.6666665277777895,4.414004962442103,0.11627906976744186,1.0,-0.00923931171736303
87,Fr,222,135,5.7018,0.0173,2304,0.0,0.0,0.0,1.0,36.66361774464523,0.6444444444444445,3.214285484693894,6.055048946511104,0.21621621621621623,-1.0,0.023782395094718467
67,Ho,163,96,5.1907,0.0313,841,0.0,0.0,1.0,0.0,29.839513369337435,0.6979166666666666,7.241379060642101,5.462555571281397,0.17791411042944785,0.0,-0.056618480274844174
68,Er,160,92,5.2045,0.0336,576,1.0,0.0,0.0,0.0,29.472251989123087,0.7391304347826086,5.833333090277788,5.428835233189813,0.15,1.0,-0.004206538363136225
63,Eu,142,79,4.9607,0.0091,256,0.0,0.0,0.0,1.0,27.218168369146653,0.7974683544303798,2.4374998476562593,5.217103446276167,0.11267605633802817,-1.0,-0.01835524453571491
68,Er,170,102,5.2789,0.0041,1156,1.0,0.0,0.0,0.0,30.687813601627905,0.6666666666666666,8.235293875432534,5.539658256754464,0.2,1.0,-0.04380949550892321
19,K,44,25,3.4472,0.0074,36,0.0,0.0,0.0,1.0,12.463359368739502,0.76,0.7499998125000469,3.530348335326063,0.13636363636363635,-1.0,-0.0038795212725060146
31,Ga,81,50,4.0441,0.0089,361,0.0,0.0,1.0,0.0,18.720754407467133,0.62,0.0,4.3267487109222245,0.2345679012345679,0.0,0.005986047832457153
80,Hg,183,103,5.4405,0.0031,529,0.0,1.0,0.0,0.0,32.232999873805014,0.7766990291262136,1.8260868771266574,5.677411370845432,0.12568306010928962,0.0,0.06306522729185104
38,Sr,83,45,4.2455,0.0027,49,0.0,1.0,0.0,0.0,19.027660542766455,0.8444444444444444,3.333333111111126,4.362070671454838,0.08433734939759036,0.0,-0.004717793031995932
69,Tm,168,99,5.217,0.0036,900,0.0,0.0,0.0,1.0,30.446650444080973,0.696969696969697,7.366666421111119,5.517848352762241,0.17857142857142858,-1.0,-0.0828831342659937
50,Sn,121,71,4.6566,0.0021,441,0.0,1.0,0.0,0.0,24.463780996262468,0.704225352112676,0.0,4.9460874432487,0.17355371900826447,0.0,0.021168738694348654
55,Cs,133,78,4.8041,0.0046,529,0.0,0.0,1.0,0.0,26.055600933891245,0.7051282051282052,2.2222219753086696,5.104468722001463,0.17293233082706766,0.0,-0.019728331184616366
68,Er,152,84,5.0843,0.0257,256,1.0,0.0,0.0,0.0,28.48146943560797,0.8095238095238095,1.7499998906250067,5.336803297443889,0.10526315789473684,1.0,0.00303865149408189
56,Ba,136,80,4.8334,0.0046,576,1.0,0.0,0.0,0.0,26.445956073831777,0.7,1.4999998125000236,5.14256318131647,0.17647058823529413,1.0,-0.007381710178748335
56,Ba,148,92,4.9731,0.0167,1296,1.0,0.0,0.0,0.0,27.97957694388431,0.6086956521739131,3.7499997656250144,5.289572472694207,0.24324324324324326,1.0,0.004123505916211911
18,Ar,37,19,3.3908,0.0022,1,0.0,1.0,0.0,0.0,11.103702468586784,0.9473684210526315,0.6666664444445185,3.332221851645953,0.02702702702702703,0.0,0.02418409360789653
72,Hf,177,105,5.3309,0.0031,1089,0.0,1.0,0.0,0.0,31.524546249173255,0.6857142857142857,6.774193329864731,5.61467240800149,0.1864406779661017,0.0,-0.039735743829329984
39,Y,89,50,4.243,0.0021,121,0.0,0.0,1.0,0.0,19.93394876854618,0.78,0.0,4.464745095584537,0.12359550561797752,0.0,-0.003926998679355975
54,Xe,143,89,4.8942,0.0187,1225,0.0,1.0,0.0,0.0,27.34580368248674,0.6067415730337079,2.545454314049608,5.229321531755983,0.24475524475524477,0.0,0.007047268090868641
68,Er,166,98,5.2516,0.0031,900,1.0,0.0,0.0,0.0,30.20452836208127,0.6938775510204082,7.466666417777786,5.4958646600950125,0.18072289156626506,1.0,-0.02871746734219638
46,Pd,105,59,4.515,0.003,169,0.0,1.0,0.0,0.0,22.25663649191485,0.7796610169491526,2.769230556213034,4.7176939803165325,0.12380952380952381,0.0,-0.010422868927476792
95,Am,243,148,5.9048,0.0035,2809,0.0,0.0,1.0,0.0,38.94073839830002,0.6418918918918919,8.17142833795919,6.240251469155711,0.21810699588477367,0.0,-0.04756104199029654
49,In,114,65,4.6056,0.0029,256,0.0,0.0,0.0,1.0,23.510935004498354,0.7538461538461538,0.9374999414062536,4.848807585839879,0.14035087719298245,-1.0,0.011464302537372184
92,U,238,146,5.8571,0.0033,2916,1.0,0.0,0.0,0.0,38.4047230880316,0.6301369863013698,6.666666444444451,6.197154434741126,0.226890756302521,1.0,-0.017128326200465338
12,Mg,32,20,3.1861,0.0131,64,1.0,0.0,0.0,0.0,10.079368399158984,0.6,0.0,3.1748021039363987,0.25,1.0,0.10025348283344604
12,Mg,30,18,3.1107,0.0056,36,1.0,0.0,0.0,0.0,9.654893846056297,0.6666666666666666,1.3333331111111482,3.1072325059538586,0.2,1.0,0.019126998701436193
76,Os,189,113,5.4016,0.0012,1369,0.0,1.0,0.0,0.0,32.93375139020674,0.672566371681416,4.105262941828266,5.738793548317167,0.19576719576719576,0.0,-0.020645655034932098
55,Cs,136,81,4.8059,0.0052,676,0.0,0.0,0.0,1.0,26.445956073831777,0.6790123456790124,0.8333331944444675,5.14256318131647,0.19117647058823528,-1.0,-0.009197471111961342
63,Eu,154,91,5.1239,0.0079,784,0.0,0.0,0.0,1.0,28.730762177301624,0.6923076923076923,5.318181576446292,5.3601084109653625,0.18181818181818182,-1.0,0.012012841603574742
55,Cs,131,76,4.8026,0.0047,441,0.0,0.0,1.0,0.0,25.79373282864238,0.7236842105263158,2.7272724793388656,5.0787530781327,0.16030534351145037,0.0,-0.018182726481692946
26,Fe,56,30,3.7377,0.0016,16,1.0,0.0,0.0,0.0,14.637222840091884,0.8666666666666667,0.9999997500000625,3.825862365544778,0.07142857142857142,1.0,-0.013042331487830072
20,Ca,43,23,3.4954,0.0019,9,0.0,1.0,0.0,0.0,12.273797969521459,0.8695652173913043,0.0,3.503398060386724,0.06976744186046512,0.0,0.03240581849396529
54,Xe,118,64,4.7387,0.007,100,1.0,0.0,0.0,0.0,24.057731387639894,0.84375,3.1111109382716142,4.904868131524016,0.0847457627118644,1.0,0.007473007101821416
40,Zr,90,50,4.2694,0.001,100,1.0,0.0,0.0,0.0,20.08298850246508,0.8,0.0,4.481404746557164,0.1111111111111111,1.0,-0.0025665290414877973
20,Ca,48,28,3.4771,0.002,64,1.0,0.0,0.0,0.0,13.207708995578505,0.7142857142857143,0.0,3.634241185664279,0.16666666666666666,1.0,-0.023037351389937566
48,Cd,103,55,4.4951,0.0105,49,0.0,1.0,0.0,0.0,21.973107636570674,0.8727272727272727,1.428571224489825,4.687548147653597,0.06796116504854369,0.0,-0.02313228443506432
82,Pb,203,121,5.4727,0.0017,1521,0.0,1.0,0.0,0.0,34.540664785434856,0.6776859504132231,0.0,5.8771306592107395,0.1921182266009852,0.0,0.005350408570654608
56,Ba,124,68,4.8185,0.0052,144,1.0,0.0,0.0,0.0,24.8664882538245,0.8235294117647058,4.19999979000001,4.986630952238645,0.0967741935483871,1.0,0.0025430170051645717
40,Zr,99,59,4.4156,0.0181,361,0.0,1.0,0.0,0.0,21.400477469184917,0.6779661016949152,4.736841855955691,4.626065009182741,0.1919191919191919,0.0,-0.016566766910701247
40,Zr,87,47,4.2789,0.003,49,0.0,1.0,0.0,0.0,19.63418302571681,0.851063829787234,2.3076921301775286,4.431047621693634,0.08045977011494253,0.0,-0.01642904964473768
49,In,109,60,4.5685,0.0061,121,0.0,0.0,1.0,0.0,22.818354974292443,0.8166666666666667,0.9090908264462886,4.776856181035017,0.10091743119266056,0.0,0.006991277881901681
71,Lu,172,101,5.3486,0.0302,900,0.0,0.0,0.0,1.0,30.92803284791408,0.7029702970297029,6.966666434444452,5.561297766521235,0.1744186046511628,-1.0,0.01415124387009481
10,Ne,23,13,2.9104,0.0071,9,0.0,1.0,0.0,0.0,8.087579399090064,0.7692307692307693,1.428571224489825,2.8438669798515654,0.13043478260869565,0.0,-0.03149164678973815
18,Ar,42,24,3.4414,0.0041,36,1.0,0.0,0.0,0.0,12.082761235960547,0.75,1.3333331111111482,3.4760266448864496,0.14285714285714285,1.0,0.027566031419480996
59,Pr,141,82,4.8919,0.005,529,0.0,0.0,1.0,0.0,27.09023308756464,0.7195121951219512,0.0,5.2048278633942004,0.16312056737588654,0.0,0.013860253262011568
60,Nd,146,86,4.9696,0.003,676,1.0,0.0,0.0,0.0,27.7269375249599,0.6976744186046512,2.8571426530612394,5.265637428171437,0.1780821917808219,1.0,-0.009075196607365221
56,Ba,131,75,4.8276,0.0048,361,0.0,1.0,0.0,0.0,25.79373282864238,0.7466666666666667,3.23076898224854,5.0787530781327,0.1450381679389313,0.0,-0.015233731193916356
